column,missing_n,missing_pct
ssa,1637485,80.58211577357079
violation_status_date,1167715,57.46430979247762
violation_location,1031042,50.73850802383776
violation_inspector_comments,190886,9.393672462070695
violation_ordinance,59203,2.9134331002376888
street_type,16006,0.7876697161022995
violation_description,14767,0.7266974070775121
location,2020,0.0994060243987658
longitude,2020,0.0994060243987658
latitude,2020,0.0994060243987658
inspection_status,16,0.0007873744506832934
address,0,0.0
property_group,0,0.0
street_name,0,0.0
street_direction,0,0.0
street_number,0,0.0
id,0,0.0
department_bureau,0,0.0
inspection_category,0,0.0
violation_last_modified_date,0,0.0
inspection_number,0,0.0
inspector_id,0,0.0
violation_status,0,0.0
violation_code,0,0.0
violation_date,0,0.0
inspection_waived,0,0.0
